paperIndex,AuthorIndex
9998,2188
9998,3417
9999,1913
9999,2781
9999,3303
10000,176
10000,949
10000,1432
10001,829
10001,3302
10466,3302
10001,3333
10001,3601
10001,922
10001,2006
10520,2006
10002,410
10265,410
10290,410
371161,410
1509148,410
10002,2236
370730,2236
371070,2236
10002,1246
10007,1246
10260,1246
10370,1246
370487,1246
370512,1246
370710,1246
370730,1246
370815,1246
371070,1246
371159,1246
10003,1119
10003,2873
370511,2873
370525,2873
370671,2873
370806,2873
370808,2873
370957,2873
370959,2873
371227,2873
371303,2873
1003241,2873
1003273,2873
1003296,2873
10003,875
370671,875
370808,875
370957,875
370959,875
1003273,875
1003296,875
1246284,875
1534477,875
10003,1156
10004,1745
10006,1745
10406,1745
370728,1745
10005,2481
370635,2481
10005,3008
370635,3008
1003279,3008
10006,3470
10006,3461
10007,3389
10265,3389
10279,3389
10290,3389
10297,3389
370512,3389
370684,3389
371181,3389
10007,1517
370487,1517
370512,1517
370710,1517
10008,2232
10008,1413
10008,1064
10076,1064
10080,1064
10213,1064
10221,1064
10272,1064
10318,1064
10353,1064
10373,1064
10569,1064
10631,1064
370636,1064
370787,1064
370792,1064
370832,1064
370951,1064
371009,1064
371148,1064
371220,1064
371223,1064
371243,1064
371252,1064
371302,1064
371337,1064
1003266,1064
1003267,1064
1003300,1064
1003315,1064
1233724,1064
1246186,1064
1246192,1064
1246274,1064
1246281,1064
1293092,1064
1293093,1064
1293095,1064
1293097,1064
1293100,1064
1293109,1064
1293115,1064
1293116,1064
1343607,1064
1509123,1064
1534519,1064
1619094,1064
10009,127
10009,2985
10010,1643
10284,1643
10010,260
10168,260
10010,3314
10011,526
10011,1263
10327,1263
10012,1090
10092,1090
10292,1090
370558,1090
370562,1090
370564,1090
371032,1090
371158,1090
371213,1090
1003239,1090
1003291,1090
1003292,1090
1246158,1090
1246177,1090
1293118,1090
1534502,1090
10012,3852
1003291,3852
10012,904
10013,1320
10013,2007
370552,2007
371048,2007
371088,2007
10013,445
10213,445
10013,2452
10013,168
10013,2755
10081,2755
10013,102
10298,102
10013,1011
1233771,1011
10014,2356
10602,2356
371033,2356
371268,2356
1003282,2356
1619091,2356
10014,2954
10594,2954
370572,2954
370989,2954
371033,2954
371100,2954
371146,2954
371315,2954
1003282,2954
1246214,2954
1246218,2954
1534487,2954
10014,3128
370572,3128
1534487,3128
10015,2324
10015,137
10016,3117
10248,3117
10289,3117
10323,3117
10412,3117
10419,3117
371248,3117
1233772,3117
1246159,3117
1509064,3117
1534451,3117
1534532,3117
10016,74
10036,74
10183,74
10185,74
10248,74
10289,74
10323,74
10419,74
371248,74
10017,1746
10017,291
10351,291
10017,2807
10351,2807
10017,3715
10018,1544
10018,262
10020,1023
370576,1023
10020,2654
10020,2778
370531,2778
10020,149
10020,2120
10020,2019
370576,2019
10020,1982
370576,1982
10021,3670
10021,2734
10166,2734
10306,2734
10340,2734
10467,2734
370583,2734
370614,2734
370627,2734
370670,2734
370672,2734
370750,2734
370851,2734
370875,2734
370877,2734
370990,2734
371235,2734
371241,2734
371322,2734
371324,2734
371336,2734
1003328,2734
1233751,2734
1246153,2734
1246191,2734
10021,265
10141,265
10221,265
10247,265
10263,265
10411,265
10568,265
10631,265
370787,265
370866,265
370926,265
371119,265
371165,265
371178,265
371199,265
1003267,265
1003293,265
1003315,265
1233724,265
1246231,265
1509069,265
1534454,265
10021,493
10022,1637
10452,1637
370881,1637
10022,3052
10244,3052
10366,3052
10579,3052
370881,3052
371342,3052
1233716,3052
10022,1444
370881,1444
1233713,1444
10022,593
10244,593
10366,593
10579,593
370881,593
371342,593
1233716,593
10022,3635
10244,3635
10366,3635
10579,3635
370881,3635
371342,3635
1233716,3635
10022,1588
10452,1588
10565,1588
370881,1588
1233713,1588
10023,702
10023,357
10023,3393
10123,3393
10023,118
10123,118
10023,1380
10123,1380
10023,2336
10023,2802
10023,2
10023,3847
10024,894
370602,894
10024,3766
370602,3766
10025,2293
10025,3527
10040,3527
10027,2549
10027,1505
10456,1505
10507,1505
371231,1505
1246228,1505
10027,1331
10456,1331
10507,1331
371231,1331
1246228,1331
1534509,1331
1534523,1331
10028,2365
10028,3369
10028,2793
10203,2793
1534511,2793
10028,1494
10029,3714
10031,3714
10034,3714
10037,3714
10104,3714
10106,3714
10223,3714
371297,3714
10029,2531
10031,2531
10029,1327
10031,1327
10104,1327
10106,1327
10223,1327
10029,3836
10030,3836
10031,3836
10032,3836
10034,3836
10037,3836
10046,3836
10128,3836
10144,3836
10195,3836
370773,3836
371297,3836
10030,2958
10032,2958
10034,2958
10043,2958
10183,2958
10220,2958
10289,2958
10341,2958
10412,2958
10416,2958
10419,2958
370757,2958
370759,2958
370763,2958
370938,2958
371003,2958
371102,2958
371123,2958
371169,2958
371248,2958
1233772,2958
1246159,2958
1509092,2958
1534451,2958
1534461,2958
10030,87
10032,87
10030,2943
10032,2943
10033,1841
10227,1841
370503,1841
1003321,1841
10034,2126
10231,2126
10034,239
10047,239
10101,239
10128,239
10363,239
10034,3144
10046,3144
10058,3144
10034,3453
10046,3453
10139,3453
10034,3300
10165,3300
371182,3300
10034,3003
10039,3003
10072,3003
10034,1630
10034,131
370876,131
370970,131
371312,131
10034,784
10034,1608
10035,2971
10161,2971
10293,2971
1233706,2971
10035,24
10161,24
10035,1361
10161,1361
10282,1361
10293,1361
10036,1035
10036,2548
10036,1213
10037,3270
10128,3270
10037,229
10621,229
371297,229
10038,1471
10038,280
10573,280
1246221,280
1509088,280
10038,918
10039,3408
10040,1953
10040,2686
10040,128
10040,1382
371321,1382
1233712,1382
1509097,1382
10041,1203
10041,1114
10389,1114
10042,3849
371062,3849
10042,1903
370856,1903
371062,1903
10043,2421
10043,1135
10043,2015
10044,1568
10044,121
10045,2112
10045,1736
10045,2917
10045,940
10046,2997
10046,2115
10046,914
10139,914
10285,914
10046,952
10139,952
10046,862
10047,3136
10047,3681
10048,2238
10048,2859
10174,2859
370679,2859
371240,2859
1003271,2859
10048,2681
10174,2681
371133,2681
1233776,2681
1509138,2681
1534448,2681
10048,3687
10049,468
10130,468
10049,432
10130,432
10049,2621
10130,2621
10049,1730
10130,1730
10049,483
10050,500
10050,1273
10050,2950
10623,2950
370507,2950
370586,2950
370765,2950
370838,2950
370950,2950
370997,2950
371061,2950
371063,2950
371197,2950
371221,2950
371309,2950
371311,2950
1246213,2950
1246245,2950
1246271,2950
1534484,2950
10052,3518
10052,1374
10052,981
10052,3078
10052,2922
10052,2918
10052,1612
10052,2325
10053,3814
10053,3547
10053,413
10053,911
10053,36
10054,2633
10054,1967
10054,2400
10054,2850
10055,677
10233,677
1509078,677
1509091,677
10055,3718
10233,3718
10055,2842
10233,2842
10055,183
10233,183
10056,202
10056,1833
10056,249
10056,1139
10057,3353
10058,3198
10059,2608
10059,3084
10060,2314
10060,1704
10061,2441
10061,1442
10061,3880
10061,2638
10061,648
10062,3240
10062,2003
10063,569
10063,3260
10063,2622
10063,2976
10063,2284
10064,1811
370536,1811
10064,3066
10064,2114
10157,2114
10064,1175
10064,2458
10157,2458
10065,2880
10318,2880
10433,2880
10524,2880
10566,2880
370720,2880
370768,2880
371025,2880
371126,2880
371254,2880
371342,2880
1003255,2880
1003294,2880
1003300,2880
1003326,2880
1246163,2880
1246266,2880
1534529,2880
1619095,2880
10065,3779
370720,3779
1003326,3779
10065,1166
1003326,1166
10065,194
10209,194
10254,194
10329,194
10402,194
10556,194
370720,194
370833,194
370969,194
370983,194
370999,194
1003255,194
1003290,194
1003297,194
1003326,194
1246262,194
1293102,194
1509065,194
10065,1125
370768,1125
371025,1125
1003294,1125
1003300,1125
1003326,1125
10065,2517
370720,2517
1003326,2517
10065,3516
370768,3516
1003294,3516
1003326,3516
10065,191
1003326,191
10065,2528
1003326,2528
10066,892
10066,828
10067,243
10067,2409
10067,2390
10068,2826
1246253,2826
10069,796
10071,1475
371269,1475
371320,1475
10071,1211
1534520,1211
10071,708
10251,708
10571,708
1003324,708
1509063,708
10072,3538
10072,3410
10073,252
10073,2637
10074,2745
10074,1757
10074,2055
10075,2819
10077,2819
10239,2819
10318,2819
370573,2819
370575,2819
370577,2819
371178,2819
371223,2819
10076,155
370636,155
371134,155
371337,155
1534519,155
10076,226
370636,226
10077,1180
10249,1180
10275,1180
10303,1180
10353,1180
10435,1180
10443,1180
370522,1180
370524,1180
370526,1180
371223,1180
10077,3271
370951,3271
371306,3271
10077,276
10176,276
10285,276
371075,276
371147,276
371223,276
10078,2964
10080,218
10252,218
370581,218
1293099,218
10080,3825
10252,3825
10080,1591
10080,2088
10080,2871
10080,86
370894,86
10081,2940
370534,2940
10082,3347
370591,3347
370603,3347
371310,3347
1619103,3347
10082,3386
370591,3386
370603,3386
1619103,3386
10082,80
370591,80
370603,80
1619103,80
10082,3147
370591,3147
370603,3147
1619103,3147
10082,3191
10083,1575
10083,3909
10083,2375
10083,300
10197,300
10085,2874
1003320,2874
10085,1497
1003320,1497
10085,2614
1003320,2614
10085,1451
1003320,1451
10085,295
1003320,295
10086,1843
10086,2059
10120,2059
10191,2059
10086,77
10087,3719
370626,3719
10088,773
10280,773
10088,32
10280,32
10088,125
10280,125
10089,1819
10109,1819
10089,2935
10089,3029
10109,3029
10090,436
10190,436
10320,436
10090,854
10273,854
10330,854
10431,854
10464,854
370521,854
370566,854
370643,854
370812,854
10091,1204
10091,2349
10092,1356
10491,1356
371224,1356
1509080,1356
10092,169
10092,3149
10159,3149
10093,3882
10093,717
10093,970
10094,1726
10094,254
10094,2285
10094,1801
10095,462
10095,1993
10095,955
10096,366
1003316,366
10096,3721
371004,3721
1003316,3721
10097,1148
10097,348
10097,518
10098,968
370665,968
370858,968
371041,968
371267,968
1003298,968
1246261,968
10098,3653
10155,3653
10554,3653
10098,3363
10317,3363
10318,3363
10329,3363
370690,3363
370969,3363
1003247,3363
10098,1138
10098,3642
371151,3642
10098,1371
370858,1371
1003298,1371
10099,322
10099,1996
10099,307
10100,2402
10100,800
10100,855
10101,1687
10101,1503
10102,634
10102,1178
10102,2410
371204,2410
1003299,2410
1246149,2410
10102,3591
370518,3591
10103,3320
10216,3320
10103,1233
10103,1076
10103,1611
10152,1611
370607,1611
370964,1611
1003275,1611
10104,1553
10106,1553
10223,1553
10105,1107
371046,1107
1534459,1107
1619109,1107
10105,1973
371046,1973
1534459,1973
1619109,1973
10107,1586
10107,3033
10424,3033
10470,3033
370832,3033
371120,3033
371252,3033
371285,3033
371296,3033
1246167,3033
10107,210
10107,3759
10108,3502
10590,3502
370639,3502
370641,3502
371077,3502
371101,3502
1003251,3502
10108,2730
370639,2730
370831,2730
370839,2730
370897,2730
371080,2730
371280,2730
10108,2289
370641,2289
370839,2289
1003251,2289
10108,2311
371077,2311
10109,805
10109,2519
10109,1499
10110,1410
10110,2700
10111,2029
10570,2029
371183,2029
1246251,2029
1509107,2029
1534463,2029
10111,2957
10111,1397
10127,1397
10171,1397
10111,2563
10127,2563
10170,2563
10171,2563
10570,2563
370967,2563
371183,2563
1246251,2563
10112,951
10112,2979
10112,2754
10112,1943
10113,2881
10113,39
10113,9
10114,2129
1619110,2129
10114,3476
10318,3476
10329,3476
370926,3476
370969,3476
371220,3476
1246274,3476
1293107,3476
1619110,3476
10116,2201
1003322,2201
10116,1344
1003322,1344
10116,216
1003322,216
10116,3021
1003322,3021
10117,2805
10242,2805
10117,3134
10242,3134
370937,3134
10117,1506
370937,1506
10118,3279
10118,2586
10118,876
10119,2786
10119,806
10119,641
10119,1900
10119,2169
10119,3259
10119,2860
10120,1258
10120,490
10120,3189
10121,3778
10121,3229
10123,2340
10123,1920
10123,2729
10123,1972
10123,2326
10123,1692
10124,2179
10192,2179
10584,2179
10124,2486
10192,2486
10219,2486
10264,2486
10383,2486
10404,2486
10420,2486
10584,2486
370785,2486
371171,2486
1233730,2486
1246172,2486
1509134,2486
1509149,2486
1534531,2486
10125,2158
10125,3273
10125,531
10125,2911
10125,2193
10125,3095
10126,135
10126,1607
370888,1607
1003284,1607
1246224,1607
10126,3044
10126,2550
10127,70
10127,3050
10127,2913
10128,326
10129,2269
371174,2269
10129,3404
10129,130
10129,2624
371174,2624
10131,2815
10131,640
10131,189
10132,1662
370666,1662
10133,863
370705,863
370712,863
370716,863
371071,863
1246232,863
10133,1352
10133,2202
370712,2202
370716,2202
10133,3589
370705,3589
370712,3589
370716,3589
371130,3589
371166,3589
1246238,3589
10133,414
10134,1825
10134,2479
10135,3272
10188,3272
371058,3272
10135,3605
10188,3605
371058,3605
10136,2148
10136,1510
10136,2008
10137,782
10137,99
10600,99
10137,3416
10138,3338
10604,3338
370681,3338
370979,3338
371089,3338
1509112,3338
10138,3082
370681,3082
371089,3082
10138,3877
370681,3877
10138,1691
370675,1691
370681,1691
370979,1691
371089,1691
10139,324
10140,82
10259,82
370510,82
10140,3543
10298,3543
10140,174
1509096,174
10141,1153
10141,3838
10142,2184
10142,1224
10312,1224
10375,1224
10533,1224
370544,1224
1233739,1224
10143,2398
10156,2398
10143,18
10187,18
10143,2559
10195,2559
10143,556
10156,556
10187,556
10195,556
10144,1932
10144,1542
10145,2140
10145,3746
10146,3390
10147,49
370784,49
10147,607
370784,607
10147,3686
370784,3686
10148,1433
370869,1433
10149,3693
10240,3693
10270,3693
10286,3693
10401,3693
1003325,3693
10150,548
10150,1126
10150,722
10151,2689
10151,1759
10152,3802
10216,3802
370964,3802
10153,1227
10523,1227
10153,837
10554,837
10153,3398
10153,1929
10154,590
10154,224
10154,2025
10154,373
10154,2069
10155,2507
10155,3473
10155,165
10155,953
10155,3065
10156,3781
10156,1536
10157,3055
10157,1430
10158,2707
370797,2707
10158,1660
370797,1660
10158,1862
370797,1862
10159,1739
10159,2196
10160,2070
10160,1926
10160,453
10160,1830
10160,1763
10162,473
10417,473
10589,473
370707,473
371190,473
1003301,473
1246175,473
10162,208
10417,208
10589,208
371190,208
1003301,208
10162,1290
1003301,1290
10163,3125
370816,3125
370818,3125
10163,3430
10261,3430
370654,3430
370816,3430
1246211,3430
10164,845
10164,2467
10165,1004
10165,3876
10166,2685
10403,2685
370563,2685
370851,2685
370853,2685
370976,2685
371044,2685
10167,1986
10167,275
370683,275
10167,2772
10167,1440
370683,1440
370727,1440
370749,1440
1246147,1440
10168,1644
10169,2970
10169,2520
10169,2534
10169,1531
10169,2475
10170,3630
10171,3630
10172,1456
10172,2906
10172,723
10173,2219
10571,2219
10173,331
370702,331
10173,42
10173,979
10173,400
10173,1390
370702,1390
370843,1390
10175,869
10218,869
10175,2317
370614,2317
370619,2317
1003328,2317
10175,3657
10175,730
10176,3576
10285,3576
10176,51
10176,2035
10285,2035
371147,2035
10177,3040
10178,3040
10177,3501
10178,3501
10177,552
10178,552
10178,1516
10178,1793
10178,2833
10179,2068
10179,2765
370811,2765
10180,783
10180,399
10180,3685
10478,3685
10180,1625
10181,1589
10181,2938
371073,2938
10182,1490
10182,1092
1003258,1092
1003289,1092
1293101,1092
1619101,1092
10183,1123
10248,1123
10289,1123
10412,1123
10419,1123
371248,1123
1233772,1123
1246159,1123
1509064,1123
1534451,1123
1534532,1123
10184,2854
10184,1909
10184,2741
10185,1242
370645,1242
10185,933
10248,933
371166,933
10186,364
10186,1590
10186,3024
10186,2195
10187,2776
10187,540
10195,540
10188,3860
370655,3860
370943,3860
10188,3776
10188,1855
10188,2287
10189,1014
10189,3311
10191,206
10191,2209
10193,1790
10193,52
10194,2714
10196,657
10196,2722
10236,2722
10377,2722
10595,2722
371037,2722
371085,2722
371202,2722
371328,2722
1509099,2722
10196,3732
10196,3900
10236,3900
370922,3900
371037,3900
1343604,3900
10197,2066
10197,1744
10197,611
10198,3469
371122,3469
371253,3469
10198,3088
371122,3088
371218,3088
371253,3088
10198,1774
371122,1774
371218,1774
371253,1774
371257,1774
371277,1774
1619092,1774
10199,2109
10199,3903
10199,603
10199,1080
10200,2422
10200,751
10200,1649
10201,3174
10247,3174
10411,3174
10568,3174
371165,3174
371199,3174
1003293,3174
1003318,3174
10201,3009
371165,3009
1003318,3009
10201,1181
10201,2405
10247,2405
10411,2405
1003293,2405
10202,1686
10202,604
10202,288
10203,3295
370843,3295
10203,3375
10203,2435
10204,217
10391,217
1233747,217
10204,804
10204,193
10205,543
10205,2899
10205,651
10206,1873
371047,1873
10206,1974
10380,1974
1509127,1974
10206,765
10206,62
371047,62
10207,1422
10207,375
10208,2396
10209,2890
1003297,2890
10209,1652
1509108,1652
10210,179
10211,356
10211,1297
10212,379
10483,379
10489,379
10562,379
370722,379
370862,379
370896,379
370898,379
371143,379
1003263,379
1233729,379
1233750,379
1246252,379
1509082,379
10212,2832
10213,2147
10263,2147
10459,2147
10639,2147
370819,2147
371009,2147
371094,2147
371154,2147
10213,2569
10221,2569
370866,2569
370926,2569
1003267,2569
10214,692
10215,2990
10215,1927
10215,3370
10216,3597
10372,3597
1003288,3597
1246282,3597
10217,297
10217,1223
10217,2380
10218,475
10218,1720
10218,1330
10219,1027
370785,1027
371293,1027
10219,642
370785,642
370918,642
370997,642
10220,1809
10341,1809
370763,1809
371169,1809
1509092,1809
10220,1828
10416,1828
370763,1828
10220,2951
10601,2951
370757,2951
370759,2951
370763,2951
370938,2951
371003,2951
371017,2951
371169,2951
1246285,2951
10222,3729
10222,2785
10222,3038
10223,228
10224,2636
10224,1732
10316,1732
10224,1154
10316,1154
10224,1775
10316,1775
10346,1775
10224,2868
10225,1661
370606,1661
370608,1661
371109,1661
10225,1214
370528,1214
370606,1214
370608,1214
10225,512
370606,512
370608,512
10225,1806
10565,1806
1246275,1806
10225,770
10226,1289
10226,1651
10226,440
10227,2571
370692,2571
370794,2571
370878,2571
1003248,2571
1003260,2571
1619098,2571
10227,2677
10227,332
1534449,332
10227,1784
10227,81
10228,1176
10410,1176
10228,2213
10410,2213
370884,2213
370982,2213
371265,2213
1224916,2213
1534455,2213
10229,3509
10230,1446
10230,1145
10230,3640
10231,3460
10231,2763
10232,3616
10232,3603
10232,3464
10232,3633
10233,1270
10234,622
10619,622
10234,1966
10619,1966
10234,1800
10619,1800
10235,2773
10236,1329
10237,10
10237,175
10237,3004
10237,589
10237,154
10237,1718
10238,1514
10238,167
10238,119
10239,1835
10239,631
10239,2036
10239,2096
10240,3076
10270,3076
10286,3076
10401,3076
1003325,3076
10241,967
10241,2711
10243,2159
10243,3749
10245,2891
10245,772
10245,1364
10246,857
370610,857
1003285,857
1509133,857
10248,2752
10323,2752
10248,1460
10412,1460
10419,1460
371248,1460
1246159,1460
1534532,1460
10248,2959
10248,2782
370645,2782
10248,122
10248,2555
10248,841
10248,1768
10248,1488
10249,2651
10353,2651
10435,2651
10631,2651
370951,2651
10250,3348
10250,505
10251,1031
370965,1031
371234,1031
1343603,1031
1509098,1031
10251,2594
371234,2594
10251,251
1003324,251
10251,830
371234,830
1246161,830
10252,2425
10252,3489
10252,1010
10252,277
10252,2118
10253,2855
10253,3743
10461,3743
10253,3645
10277,3645
10253,2247
10368,2247
10253,1950
10268,1950
10334,1950
10254,1349
10254,1733
10254,3437
10255,2790
10255,878
10255,912
10256,1587
10396,1587
10256,2451
10257,618
370709,618
10257,1648
370709,1648
10257,740
370709,740
10258,231
10258,234
10362,234
1233762,234
10258,1852
10362,1852
1233762,1852
10259,2111
10555,2111
370510,2111
10259,2667
10260,1676
10370,1676
370684,1676
10260,481
10370,481
10260,3087
10261,2225
370654,2225
1246211,2225
10261,2727
10262,2174
10443,2174
10262,151
10262,1854
10264,632
371171,632
10265,1447
10290,1447
10403,1447
370557,1447
370815,1447
370976,1447
371044,1447
10266,2086
10266,3524
1233717,3524
10266,2810
10267,88
10267,2806
10268,1159
10277,1159
10334,1159
10368,1159
10445,1159
10461,1159
10574,1159
10605,1159
1246193,1159
10269,2521
10274,2521
10281,2521
10421,2521
10269,2576
10269,1646
10271,2302
10271,522
10273,1683
10464,1683
370521,1683
1509086,1683
1509140,1683
10273,2527
10464,2527
10274,187
10274,2649
10281,2649
10275,3264
10435,3264
10443,3264
10276,3269
10276,2178
10276,338
10276,2603
10277,2490
10577,2490
10278,3651
10365,3651
1224913,3651
10278,3557
10365,3557
1224913,3557
10278,1100
10365,1100
1224913,1100
10279,2619
10281,2771
10283,2691
10283,943
10284,807
10287,2313
10287,823
10288,1685
10288,2596
10288,292
10288,3794
10291,2510
10291,1678
10292,3444
1003291,3444
10293,1354
10294,3805
10294,1654
370694,1654
371058,1654
10294,3480
10295,2334
371030,2334
371226,2334
10295,824
10545,824
371030,824
371226,824
1509124,824
10296,3341
10298,1421
10298,2541
10298,1089
10582,1089
10299,3604
370565,3604
10299,2557
370509,2557
10299,3411
10299,2736
10300,1104
10300,2292
371040,2292
10300,3609
370906,3609
370995,3609
371040,3609
371264,3609
10301,3723
370920,3723
370940,3723
370947,3723
1509137,3723
10301,3041
370940,3041
10301,3438
370940,3438
10302,891
10302,1523
1233704,1523
10302,3323
10303,2908
10304,3312
370850,3312
1224912,3312
10304,98
370850,98
1224912,98
10304,1326
370850,1326
1224912,1326
10305,935
10329,935
10347,935
10549,935
10598,935
370634,935
370836,935
370848,935
370969,935
370971,935
371034,935
371184,935
1509104,935
1534485,935
10305,2724
10306,2215
10306,1761
370583,1761
370627,1761
370670,1761
370704,1761
370990,1761
10307,3310
10460,3310
10307,1772
10460,1772
10308,510
370960,510
1509096,510
10308,2373
10521,2373
10308,1787
10308,1276
10521,1276
371282,1276
10309,1962
10309,1347
10309,1623
10310,900
371098,900
10310,2154
371098,2154
10310,428
371098,428
10311,776
10452,776
10565,776
10312,299
10375,299
10533,299
10313,831
10313,576
10313,6
10313,3684
10314,233
10314,983
10314,2253
10314,3070
10315,2082
10315,1939
370729,1939
10315,3548
370729,3548
10319,3812
371091,3812
10319,1378
371091,1378
10319,196
371091,196
10319,2319
10319,1155
10319,3705
10319,427
371136,427
10319,3183
10321,21
10321,1455
10321,1552
1509096,1552
10322,1287
10550,1287
370813,1287
1246200,1287
1509106,1287
1534518,1287
1619108,1287
10322,1581
10322,2577
10550,2577
370813,2577
370975,2577
1246200,2577
1509106,2577
1534503,2577
1534518,2577
1619108,2577
10324,1596
10436,1596
10540,1596
370569,1596
10324,353
10436,353
10540,353
370569,353
10325,1072
10325,327
10326,1140
10496,1140
10582,1140
371017,1140
1233757,1140
1509131,1140
10326,716
10496,716
10521,716
10582,716
371017,716
1233757,716
1509131,716
10326,242
10496,242
10582,242
371017,242
1233757,242
1509131,242
10326,3103
10496,3103
10582,3103
371017,3103
371079,3103
371115,3103
10326,1481
371017,1481
10327,313
10328,3643
10345,3643
10522,3643
10616,3643
371058,3643
371301,3643
371332,3643
1224920,3643
1246270,3643
1509122,3643
1534512,3643
1619111,3643
10328,3525
10345,3525
10522,3525
10616,3525
370852,3525
371058,3525
371219,3525
371301,3525
371332,3525
1224920,3525
1246208,3525
1509085,3525
1534508,3525
10328,3615
1224920,3615
10329,1990
370969,1990
10330,1163
10431,1163
10332,3337
10332,3204
10332,2472
10333,689
10450,689
10335,3888
10335,433
10337,3475
371066,3475
1003283,3475
1293086,3475
10337,3011
371066,3011
1003283,3011
1293086,3011
10338,1957
10338,2004
371161,2004
10338,595
10475,595
371244,595
10339,2501
10339,2038
10339,2861
10339,2942
10339,1240
10340,672
10467,672
370614,672
370619,672
370877,672
371235,672
371307,672
371322,672
1003328,672
10340,3155
370877,3155
10340,3250
370619,3250
370877,3250
10341,832
371123,832
371169,832
10342,2584
10428,2584
10543,2584
10583,2584
370934,2584
1233708,2584
1233737,2584
1233745,2584
1509086,2584
1509144,2584
10342,658
10428,658
10543,658
10544,658
10583,658
1509144,658
10342,1234
370671,1234
370959,1234
371227,1234
371303,1234
10342,564
370511,564
370671,564
370806,564
370808,564
370957,564
370959,564
371227,564
371303,564
1003273,564
1003296,564
10344,1218
10355,1218
10344,1321
10344,1078
10355,1078
10453,1078
10513,1078
10532,1078
10593,1078
10344,3666
10355,3666
10532,3666
10344,3373
10355,3373
10532,3373
10344,192
10355,192
10345,100
10345,617
10616,617
370852,617
371219,617
371291,617
371301,617
371332,617
1246208,617
1509085,617
1619111,617
10345,3290
10346,381
10346,625
10601,625
10347,2598
10549,2598
370836,2598
370971,2598
10348,333
10348,554
10348,1311
10553,1311
371067,1311
1233752,1311
10349,1322
10349,11
10560,11
370974,11
10349,2227
10560,2227
10349,3121
10560,3121
10349,1562
10560,1562
370974,1562
10350,3425
10350,744
10350,2978
1293088,2978
10351,2680
10352,3697
10596,3697
10352,97
10387,97
10596,97
10610,97
1233720,97
10352,2821
10596,2821
10353,2872
10353,317
371302,317
1509123,317
10356,2222
10356,3448
10547,3448
10603,3448
10356,3301
10356,662
10356,1407
10358,1694
10486,1694
10358,2364
10440,2364
10486,2364
10608,2364
1246209,2364
10358,315
10486,315
10608,315
1246209,315
10360,211
10421,211
10360,3735
10360,1728
10361,424
10361,2494
10362,1682
10363,1653
10363,1142
10366,2384
10579,2384
371342,2384
1233716,2384
10366,3728
10579,3728
371342,3728
1233716,3728
10366,123
10579,123
371342,123
1233716,123
10368,268
10369,2387
10369,2566
10370,870
10372,1727
1246282,1727
10372,1262
370796,1262
1003288,1262
1246282,1262
10372,1245
370796,1245
1003288,1245
1246282,1245
10374,1526
10374,3043
10374,349
10376,3036
10376,1312
370621,1312
10376,2504
10376,1539
370621,1539
370769,1539
371339,1539
10377,930
10377,2779
10378,1129
371096,1129
371124,1129
10379,1930
10413,1930
10379,654
10413,654
370525,654
370959,654
371137,654
371217,654
1003241,654
1246194,654
1246279,654
1246283,654
1293104,654
10380,1634
1509086,1634
10381,2822
10381,2963
10381,403
10381,3421
10383,3709
1509134,3709
10385,1252
10385,2128
10386,3555
10386,3868
10386,2043
10386,3214
10387,2301
10387,1863
10387,3331
10387,3840
10587,3840
371105,3840
10388,984
370792,984
1246186,984
10389,969
10391,227
10392,2509
10392,2315
10552,2315
371241,2315
371272,2315
1509132,2315
1619111,2315
10394,26
10394,3289
10394,1221
10635,1221
10397,2054
10630,2054
371288,2054
10397,3487
10630,3487
371288,3487
10397,2444
10630,2444
371288,2444
10397,110
10630,110
371288,110
10399,2659
10399,852
10399,1518
10399,2533
10448,2533
10400,3561
10400,3339
10400,2051
10402,451
10556,451
370999,451
1293102,451
10403,416
370557,416
370714,416
370976,416
371044,416
10404,1222
10420,1222
10405,1879
10627,1879
1509125,1879
10405,3454
10627,3454
1246150,3454
1509125,3454
10405,2016
10627,2016
1509125,2016
10405,2710
10406,2132
10406,2205
10407,3579
10474,3579
370994,3579
371239,3579
10407,2391
370994,2391
10407,3465
10474,3465
370994,3465
371239,3465
10407,3671
370994,3671
371239,3671
10407,1963
10474,1963
10409,425
10409,3581
10410,178
371265,178
1534455,178
10410,314
370884,314
371133,314
1224916,314
1233776,314
10412,3321
10414,246
371156,246
10416,3456
371102,3456
1233717,3456
1233742,3456
10416,2063
371115,2063
10417,3384
370707,3384
371190,3384
10421,893
10421,1742
10421,2784
10422,1938
10504,1938
10422,3446
10423,1947
10423,1710
370651,1710
10424,2867
370832,2867
371285,2867
10424,1808
10424,3324
371200,3324
371252,3324
10424,3296
10470,3296
370832,3296
370953,3296
371120,3296
371296,3296
371316,3296
1233722,3296
1246167,3296
1293120,3296
1343603,3296
1343604,3296
10426,3251
10472,3251
10428,1301
10543,1301
10561,1301
10575,1301
370920,1301
370947,1301
371021,1301
371217,1301
1233707,1301
1509080,1301
1509087,1301
10428,934
10561,934
10567,934
1233745,934
10430,1645
10430,3583
10430,582
10430,1528
10430,2078
371126,2078
10430,3492
10433,643
10566,643
1246266,643
10433,38
10433,3205
10433,591
10433,1358
10438,3872
10439,2233
370954,2233
10439,3326
370954,3326
10439,1359
10439,2529
10439,412
10440,2499
10441,2505
1003324,2505
10441,2258
10442,1436
10442,2695
10445,3600
10445,1673
10446,2764
10446,2726
10446,1770
10446,1773
1534540,1773
10447,2669
10447,919
10447,697
10448,3170
10448,3148
10452,1212
10452,956
10452,560
10452,37
1233758,37
10453,1236
10513,1236
10593,1236
10453,2630
10453,181
10513,181
10593,181
10454,2587
10454,527
10455,3315
10525,3315
370543,3315
10455,2339
10525,2339
1293117,2339
1534523,2339
10455,2323
10525,2323
1534523,2323
10456,2704
10456,2060
10457,1975
1509140,1975
10457,999
10575,999
1233746,999
10457,3895
10526,3895
10458,1791
1509129,1791
10458,1861
1509129,1861
10458,3343
1509129,3343
10458,1403
10458,2360
10459,1162
10459,1480
10460,566
10460,2250
10460,3307
10462,2424
10462,713
10462,741
10463,516
10463,1520
10463,1216
10463,1399
10463,3292
10463,1338
10463,3769
10464,3483
370941,3483
10464,76
10465,2125
10466,205
10520,205
1233743,205
10466,3506
10520,3506
10466,978
10520,978
10466,2141
10520,2141
1233743,2141
10466,2011
10468,390
370908,390
10468,939
10468,1640
370908,1640
10468,2107
370908,2107
10469,1186
371082,1186
10469,2508
371082,2508
10469,63
371082,63
10470,2756
371120,2756
371296,2756
1246167,2756
10470,905
370832,905
371296,905
1246167,905
10470,2639
371120,2639
371296,2639
1246167,2639
10471,3074
10471,2438
10472,1565
10473,3479
371287,3479
10473,2307
371287,2307
10473,3764
371287,3764
10474,296
370525,296
370623,296
370735,296
371021,296
371109,296
371232,296
371313,296
1003241,296
1534533,296
10474,988
370994,988
371239,988
10474,75
10474,2688
10474,2836
10474,3035
10474,1896
10475,1375
10475,3887
371244,3887
10476,3129
1246242,3129
10476,1748
1246242,1748
10476,1282
370761,1282
1246242,1282
10476,1147
1246242,1147
10477,925
10477,3017
10477,1906
10478,3195
10478,2526
10529,2526
10478,769
1233749,769
10478,1049
1509096,1049
10479,3515
10479,1201
10479,523
1246258,523
10480,2774
371193,2774
1246241,2774
10481,2742
10481,2761
10481,2717
371115,2717
1246285,2717
10481,3871
10482,1164
10482,3565
10484,1169
10541,1169
371172,1169
1233755,1169
1246179,1169
10484,575
10484,826
10541,826
371172,826
1233755,826
1246179,826
1534486,826
10485,2991
10485,2440
10485,3063
371117,3063
10485,305
10487,1056
10487,148
10487,2457
10487,2002
10488,463
1233765,463
1246196,463
1246286,463
1509118,463
1534517,463
10488,602
10488,3422
1233765,3422
1246196,3422
1246286,3422
1509118,3422
1534517,3422
10488,2585
1246196,2585
10488,1991
1233765,1991
1246196,1991
1246286,1991
10489,2927
371143,2927
1246252,2927
1509082,2927
10489,1970
10562,1970
371074,1970
371143,1970
1233750,1970
1246237,1970
1246252,1970
10490,2018
370849,2018
371163,2018
1003314,2018
10490,471
370488,471
370849,471
370968,471
371163,471
1003314,471
10491,3739
10491,928
10491,2663
10496,2731
10504,3187
10504,3265
10507,368
1246228,368
10507,1816
371231,1816
1534509,1816
10507,853
10572,853
10592,853
10622,853
371055,853
371067,853
1246184,853
1246228,853
1246239,853
1246248,853
10508,957
10508,1428
10636,1428
1509094,1428
10508,1915
10513,1036
10593,1036
10513,551
10516,1664
370817,1664
1246174,1664
10516,3228
370817,3228
1246174,3228
1534460,3228
10516,2065
370817,2065
1246174,2065
1534460,2065
10517,1043
10517,2427
10517,2104
370676,2104
370721,2104
371056,2104
10519,3019
10519,3412
10520,64
10523,342
10523,3097
10554,3097
1509095,3097
10524,1264
10524,376
371025,376
1003300,376
10526,608
371227,608
1233745,608
1246162,608
1246284,608
1509065,608
1534477,608
10528,835
371141,835
371292,835
10528,1546
370871,1546
371141,1546
10528,3851
370871,3851
371141,3851
10528,1172
370871,1172
371141,1172
371292,1172
10529,272
10529,1751
10531,847
10531,2694
10531,1238
10531,2623
10532,653
10534,215
10534,1677
10534,2423
10534,2582
10535,2878
10535,2706
10535,3828
10535,2628
10535,2560
10537,1978
371090,1978
1246229,1978
10537,663
371090,663
1246229,663
10537,163
10587,163
371090,163
371105,163
1233705,163
1246229,163
10538,2863
10538,2768
10538,160
10541,3854
1233755,3854
1246179,3854
10542,3566
10542,3367
10542,1386
10543,2080
10544,68
10545,1416
371032,1416
371158,1416
1003291,1416
1003292,1416
1246177,1416
10545,2678
370695,2678
10546,798
371104,798
10546,501
371104,501
10546,3733
10546,201
371104,201
371258,201
10546,1711
370760,1711
371104,1711
371258,1711
10546,1887
371104,1887
371258,1887
10547,1752
1233714,1752
10547,2665
10548,2037
10548,3725
10548,1923
10634,1923
10550,3371
1246200,3371
1509106,3371
1534518,3371
1619108,3371
10550,3529
1246200,3529
1509106,3529
1534518,3529
1619108,3529
10551,669
1293089,669
10551,2897
1293089,2897
1509088,2897
10551,3188
1293089,3188
10552,2173
10552,883
10553,614
371067,614
10554,184
10554,781
370820,781
370965,781
1509130,781
10555,2482
10556,2886
370999,2886
1293102,2886
10557,78
370796,78
1003288,78
10557,665
10558,1366
371011,1366
371284,1366
10558,3807
371284,3807
10558,3676
371011,3676
371284,3676
10559,3801
371324,3801
1003272,3801
1293124,3801
10559,3234
370517,3234
370680,3234
370777,3234
370778,3234
371324,3234
1003250,3234
1003254,3234
10562,1384
1233750,1384
10562,3153
370685,3153
1233750,3153
10563,3698
1003310,3698
10563,3399
1003310,3399
10563,2715
1003310,2715
10563,50
10576,50
371192,50
1003310,50
1246255,50
1293096,50
1293121,50
10563,2849
1003310,2849
10564,3409
370535,3409
370748,3409
370961,3409
371099,3409
1233731,3409
10564,377
370535,377
370748,377
370775,377
370961,377
10564,3255
370961,3255
10565,592
10565,3621
1233713,3621
10566,491
1246266,491
10567,1152
10567,1851
10567,465
10568,3826
10569,2237
371302,2237
1233717,2237
1233742,2237
1246192,2237
1246281,2237
1509123,2237
10570,1295
370967,1295
371183,1295
10570,2713
370967,2713
371183,2713
1246251,2713
1509107,2713
10570,458
370967,458
371183,458
10571,3391
10571,2303
1509063,2303
10571,1496
10572,188
1246184,188
10572,3158
10573,3800
1246221,3800
10573,259
10573,2064
1246221,2064
1534528,2064
10573,3287
1246221,3287
10573,3067
10574,3771
10605,3771
1246193,3771
10575,725
10575,1922
10576,3433
371192,3433
10577,3138
10577,3528
10578,705
1534471,705
1534537,705
10578,1684
1534471,1684
1534537,1684
10580,791
10580,1062
10580,2629
10580,528
10581,1529
10581,261
10581,1941
10581,2355
10582,2845
371115,2845
1233757,2845
1246285,2845
10582,2744
10583,1813
10583,2167
10585,2342
10585,351
10585,3458
10586,1219
1233754,1219
1246272,1219
1293122,1219
10586,1165
370536,1165
1233754,1165
1246231,1165
1246272,1165
1293122,1165
1509079,1165
1509136,1165
1534454,1165
1534458,1165
10586,1215
1293122,1215
10586,2347
1293122,2347
1509073,2347
1509111,2347
1509136,2347
10586,2383
1233754,2383
1246272,2383
1293122,2383
1534458,2383
10586,842
1233754,842
1293122,842
10586,1398
1293122,1398
1509136,1398
10587,736
371105,736
1233705,736
10588,256
1246156,256
10588,2322
10588,1054
10589,3593
10590,2084
370955,2084
371077,2084
371101,2084
1246226,2084
10590,2538
370526,2538
1246226,2538
10590,1417
10591,3552
10591,696
10592,2428
1246184,2428
10593,47
10593,1294
10594,1167
371146,1167
1246214,1167
10594,2039
10595,2153
10595,3357
10595,2464
371328,2464
10597,1989
10597,3858
10597,3083
10598,1778
370949,1778
371184,1778
1224917,1778
10598,3208
370541,3208
370799,3208
370949,3208
371184,3208
1224917,3208
10598,694
370541,694
370799,694
370949,694
371184,694
1224917,694
10599,929
370941,929
10599,2338
10599,2647
370941,2647
10600,2887
10600,1124
10600,2573
10600,1040
10600,1396
10601,990
10602,2067
371268,2067
10602,2194
371268,2194
10602,1786
10602,583
370861,583
371268,583
10602,2095
371268,2095
1246211,2095
1246277,2095
10603,667
1233746,667
1509139,667
10603,794
1233766,794
1509105,794
10603,266
10604,3199
10604,1394
10604,3790
10605,3426
10606,524
10606,1617
10607,586
10607,2728
1246207,2728
10607,1141
10607,213
1246207,213
10608,1112
1246209,1112
10608,3813
10609,1767
10609,2034
10610,2071
1233720,2071
10610,2974
10610,1429
1233720,1429
10611,2023
10611,1028
10612,23
10612,3906
10612,472
10612,2562
10613,1283
1233711,1283
10614,685
370699,685
10614,1415
10615,536
10615,2091
10615,3637
1246226,3637
10617,572
10617,3708
370988,3708
1293090,3708
10617,1907
1293090,1907
10617,735
370988,735
1293090,735
10618,3799
10618,2394
370873,2394
370887,2394
370889,2394
1003261,2394
1003287,2394
1003312,2394
10619,3245
10619,897
10620,921
10620,1988
10621,1657
10621,682
10621,3821
10621,1400
371017,1400
10622,2047
371067,2047
10622,1487
371055,1487
1509151,1487
10623,2795
370507,2795
370586,2795
370765,2795
370838,2795
370950,2795
371061,2795
371063,2795
371177,2795
371197,2795
371221,2795
371309,2795
371311,2795
1246213,2795
1246271,2795
1534484,2795
10624,1944
10625,2640
10625,1248
10625,450
10625,3403
10625,570
10625,1042
10625,1688
10626,2611
10626,2705
10626,3256
10628,987
10628,2620
10629,1558
10629,3048
10629,3005
10632,1237
1534548,1237
10632,219
1534548,219
10633,1247
10633,1032
10633,54
10634,3226
10635,1391
10636,668
10636,2001
10637,3730
10637,2986
371159,2986
10637,749
10638,3093
10638,133
10639,2769
10639,2820
10639,1886
370487,1700
370710,1700
370488,1146
370489,1454
370489,2998
370489,2478
370490,2142
370490,1616
370491,3352
370493,3352
370895,3352
371214,3352
1003262,3352
370491,2399
370493,2399
370895,2399
371140,2399
371214,2399
1003262,2399
370491,3498
370493,3498
370895,3498
371214,3498
1003262,3498
370492,3182
370494,3182
371020,3182
371205,3182
370494,2186
370495,719
370495,3061
370499,3061
370495,901
370496,709
370496,2568
370496,699
370497,3832
370497,1560
370498,2337
370498,3365
370498,1239
370499,1507
370499,2157
370499,1827
370500,1198
370599,1198
370500,2721
370599,2721
370500,3111
370599,3111
370500,605
370599,605
370500,3332
370599,3332
370500,2164
370599,2164
370500,2612
370599,2612
370500,1885
370500,3414
370599,3414
370501,2798
370504,2892
370505,3247
370505,419
370506,810
370506,2462
370506,1968
370506,3232
370508,690
370508,2668
370508,1701
370962,1701
370508,3899
370508,3420
370509,3413
370511,2601
370526,2601
371078,2601
1509151,2601
370513,2181
370513,542
370513,1832
370514,1713
370514,3267
370514,2131
370515,1466
370515,2214
370515,3863
370515,1916
370517,3835
370517,3873
370680,3873
370777,3873
1003250,3873
1003254,3873
1003272,3873
370518,3679
370519,2493
370519,1669
370519,420
370519,514
370519,3223
370519,1538
370523,429
370523,666
370525,372
370623,372
370735,372
371021,372
371232,372
371313,372
1003241,372
370527,1856
370527,1202
370528,2556
370529,1781
370529,1570
370530,827
1003323,827
370530,2026
370604,2026
1003323,2026
370530,3131
370533,1193
370920,1193
370947,1193
371217,1193
1233727,1193
370533,3
370533,96
370533,2572
370536,1093
370536,3795
370537,3112
371027,3112
371327,3112
1233721,3112
1343606,3112
1534469,3112
370537,3816
371071,3816
1246232,3816
370538,872
370538,2684
370538,59
370540,609
370699,609
370541,864
370541,2009
370541,1373
370541,972
370542,1946
370542,1189
370543,1812
370858,1812
1003298,1812
370543,889
370543,3447
370544,3544
370545,95
370545,752
370546,2291
370546,1304
370546,2733
370546,240
370547,2712
370547,3519
370547,873
370547,156
370547,20
370548,1012
370952,1012
371043,1012
370549,1585
370549,1097
370549,3424
370550,1302
370559,1302
1233774,1302
370550,1837
370559,1837
370550,1579
370559,1579
370552,3280
370552,1844
370552,2789
371048,2789
371088,2789
370553,3047
370553,435
370553,173
370553,2110
370553,3742
370553,2151
370554,2813
370554,1383
370555,2921
370841,2921
370555,2492
370841,2492
370558,1137
370672,1137
370875,1137
370945,1137
1003239,1137
370558,448
370672,448
370875,448
370945,448
1003239,448
370559,3890
370560,3193
370560,2168
370607,2168
1003275,2168
1246203,2168
370562,3171
370564,3171
371213,3171
370562,3706
370564,3706
371213,3706
370563,3752
370883,3752
1003276,3752
370564,1269
370566,3002
370567,3354
370567,90
370567,2172
370569,2658
370569,2858
370571,3594
370572,733
370574,563
370574,579
370574,3114
370578,2170
370578,2602
370578,1750
370579,2912
370580,2024
370580,1668
370580,406
370580,2751
370580,2523
370583,3481
370627,3481
370704,3481
370990,3481
370584,2346
370585,1707
1246220,1707
370585,3893
370585,311
370585,3225
370586,2692
370765,2692
370838,2692
371061,2692
371063,2692
371102,2692
371221,2692
1246163,2692
370587,1777
370588,809
370588,2137
370793,2137
371270,2137
370588,16
370592,1082
370593,350
370593,44
370593,2687
370593,111
370593,750
370594,2532
370594,3831
370594,932
370595,1288
370595,3537
370596,3064
370596,628
370596,1509
370597,1254
370616,1254
370822,1254
370597,3242
370597,2218
370598,408
370599,289
370599,1671
370599,759
370599,3007
370600,2146
370600,3850
370600,1492
370600,2877
370600,1350
370601,2973
370891,2973
370981,2973
1224924,2973
370601,3030
370891,3030
370981,3030
1224924,3030
370604,2889
1003323,2889
370604,2239
370604,2092
370605,3570
370606,2643
370607,1381
1003275,1381
1246203,1381
370608,3407
370608,942
370608,2017
370608,1895
370609,1144
370611,441
371035,441
1246223,441
370611,2378
371035,2378
1246223,2378
370612,3127
1003244,3127
370612,2953
1003244,2953
370612,931
1003244,931
370612,1495
1003244,1495
370613,3285
370800,3285
1003268,3285
1003269,3285
370613,587
370800,587
1003268,587
1003269,587
370613,581
370613,868
370800,868
1003268,868
1003269,868
370614,2076
1003328,2076
370614,2437
1003328,2437
370615,646
370835,646
370615,923
370835,923
370616,2207
370616,1274
370618,1802
370618,1524
370618,1655
370618,1235
370618,3747
370618,597
370618,3647
370618,1210
370618,2720
370619,2357
370620,2270
1003260,2270
370620,674
370621,236
371339,236
370622,3431
370625,3431
370622,3710
370622,753
370625,753
370623,1037
370625,997
370625,1823
370625,365
370625,2750
370625,2345
370627,431
370629,3395
370629,3625
370629,2866
370629,3110
370630,3435
370630,3512
370630,3428
370631,1434
370632,3034
370632,3592
370633,2696
370633,1738
370634,1334
370634,2915
370635,950
370635,1951
1003279,1951
370635,2418
370635,915
370635,3376
1003279,3376
370635,3701
370635,3366
1003279,3366
370635,2272
370635,2182
370635,2187
370635,3405
1003279,3405
370638,3345
370638,3692
370638,3712
370639,1019
370641,1019
1003251,1019
370639,2371
370641,2371
1003251,2371
370640,1151
370640,1500
370642,3741
370642,2864
370642,3818
1293114,3818
370643,1317
370644,2948
370644,1279
370644,2605
370646,3614
370646,3142
370646,532
370646,3809
370647,2592
370647,1845
370647,328
370648,1882
370648,3738
370650,557
370650,1937
370650,1464
370650,1675
370651,2604
370651,1296
370652,3020
370653,3419
370654,2014
370991,2014
370654,1333
370654,747
370861,747
370655,821
370943,821
371319,821
370656,982
370656,3649
370657,112
370657,812
370658,1340
1003246,1340
370658,1115
1003246,1115
370658,3755
1003246,3755
370662,1063
370662,2565
370662,1820
370664,2796
370664,975
370667,2828
370667,1196
370668,2431
370668,1550
370668,3678
370669,2791
370669,1493
370671,2876
370673,2040
370674,19
370674,3716
370674,1243
370675,1243
370675,1095
370675,1207
370676,3262
370721,3262
370676,795
370721,795
371247,795
370676,3573
370721,3573
371056,3573
370677,2856
370677,2738
370677,3209
370677,2801
370679,700
1003271,700
370679,5
1003271,5
370680,788
1003254,788
370684,385
370685,3032
370685,2049
370686,3146
370686,2843
370686,1102
370686,3659
370686,2512
370688,3358
370688,2797
370689,992
370689,437
370690,3660
1003247,3660
370690,3834
1003247,3834
370691,3491
370692,623
1003248,623
370692,3757
1003248,3757
370693,1272
370693,2262
370694,2262
370992,2262
371058,2262
370694,3485
370992,3485
370694,2395
370992,2395
371058,2395
370695,547
370946,547
370962,547
371097,547
1233730,547
1246244,547
1246270,547
1293113,547
1509106,547
1509122,547
1534473,547
1534495,547
1534512,547
1619097,547
1619107,547
1619111,547
370696,2747
370696,1779
370696,3254
370697,2606
370697,1111
370697,1443
370697,329
370697,2757
370699,1388
370699,926
1246219,926
370700,1639
1003319,1639
370700,164
1003319,164
1246157,164
1246165,164
1246171,164
370702,2961
370843,2961
370702,3220
370703,323
370703,1121
370704,126
370706,1804
370706,2972
371329,2972
371335,2972
370706,3638
371335,3638
370711,3429
370711,764
370725,764
370711,2838
370725,2838
370711,1955
370712,1868
370716,1868
370713,177
370713,3106
370714,1911
370714,521
370715,3648
370717,347
370717,818
370717,3222
370717,766
370717,2709
370717,1822
370719,2616
370719,1708
371042,1708
370720,1260
370980,1260
371126,1260
370722,2274
370862,2274
1003263,2274
370722,2171
370898,2171
1003263,2171
370727,701
370749,701
370727,3340
370729,3026
370730,270
370731,2203
370731,2377
370731,3462
370732,742
370732,2655
370732,1638
370733,2281
371013,2281
371028,2281
371053,2281
371054,2281
371211,2281
371259,2281
1246181,2281
1246232,2281
370733,1099
371028,1099
371259,1099
370733,948
371013,948
371211,948
1246232,948
370733,3577
371259,3577
1246239,3577
370734,1891
370734,3511
370735,695
371021,695
370735,2476
370735,1323
371021,1323
370737,460
370739,1714
370739,1205
371160,1205
370739,577
370739,3486
370740,346
370752,346
370740,417
370740,520
370752,520
370741,278
370741,146
370742,312
370744,312
371074,312
370742,1794
370744,1794
370742,2919
370742,3276
370742,3109
370742,1547
370744,1547
370742,40
370742,598
370743,816
370743,3798
370745,1945
370747,1945
370745,836
370747,836
370901,836
370746,3774
370746,29
370747,774
370747,1928
370747,993
370748,2354
370748,3451
370748,2403
370749,2180
370749,3346
370750,2470
370751,675
1246264,675
370751,257
370751,1459
1246264,1459
370752,3291
370752,916
370753,495
370753,3494
370753,3762
370753,1755
370754,1824
370754,3152
370756,1737
370756,3837
370756,8
370757,1047
370757,2627
370759,2627
1534460,2627
370757,2698
370759,2698
370758,1463
1003311,1463
370758,2735
1003311,2735
370758,3298
1003311,3298
370758,430
1003311,430
370758,1408
1003311,1408
370759,3785
371079,3785
370760,525
370761,302
371294,302
1534450,302
370761,1717
370761,1641
371001,1641
371294,1641
370762,1527
370764,1527
370966,1527
370762,1191
370764,1191
1233726,1191
1534466,1191
370762,2374
370764,2374
1534466,2374
370765,3707
370766,3380
370766,2160
370767,1954
370767,3677
370767,2983
370768,2177
1003294,2177
370769,2296
370769,2397
370771,1117
371256,1117
370771,1628
371019,1628
371256,1628
370772,2309
371263,2309
370772,2699
370772,3459
371263,3459
370773,712
371272,712
370773,1842
370775,1220
370775,1511
370776,3231
370777,1122
370778,105
370778,3905
370778,1741
370778,1473
370779,2234
370779,2682
370779,2610
370779,109
370781,2260
370781,310
370781,3401
370782,2827
370782,2327
370782,567
370783,3119
370944,3119
370783,3122
370944,3122
370783,1006
370944,1006
370788,2839
1003257,2839
370788,1635
1003257,1635
370788,3096
370788,1280
1003257,1280
370789,3090
370789,2189
370791,3206
370791,2593
370791,1325
370792,157
370793,3596
370793,2905
370793,1275
370795,1567
370795,3031
370795,1083
370795,3378
370798,1230
370802,1230
370798,1084
370802,1084
370798,635
370798,3855
370799,2144
1224917,2144
370799,2363
1224917,2363
370799,66
1224917,66
370802,73
370802,3844
370803,1453
370803,1360
370804,3889
1003277,3889
370804,2857
1003277,2857
370804,2804
1003277,2804
370804,274
370804,1749
370977,1749
1003277,1749
370804,1530
370977,1530
1003277,1530
370806,1402
370808,1402
1003273,1402
370809,1158
370809,686
370809,2241
370809,3042
370809,57
370809,767
370809,3108
370809,2885
370809,1116
370809,2904
370809,3768
370810,2965
370810,7
370811,3879
370812,3145
370813,3861
370814,3060
370814,153
370815,3071
370818,1865
370818,3440
371145,3440
370820,2812
370965,2812
370820,2240
370821,1091
370821,1601
370821,661
370821,3782
370821,1228
370821,874
370821,1532
370821,1315
370821,947
370821,680
370821,2578
370821,3274
370822,2547
370823,2021
370823,452
370825,1085
370921,1085
370923,1085
370973,1085
370826,3140
370826,1785
370826,958
370828,48
370919,48
371175,48
371179,48
1534500,48
370830,91
1003309,91
1246145,91
1246257,91
370830,1762
1003309,1762
1246145,1762
370831,1961
371280,1961
370831,214
371131,214
370833,3908
370834,394
370834,1179
371114,1179
1246170,1179
1509091,1179
1509120,1179
370834,1026
371114,1026
1246170,1026
1509078,1026
1509091,1026
1509120,1026
370834,3118
370835,946
370835,3575
370836,1681
370837,1594
370837,704
370839,3667
370842,638
370842,1866
370842,1038
370844,2376
370848,758
370848,562
370850,138
370852,1519
370852,30
370852,3261
370853,1377
370853,2814
370854,2259
370854,2419
370854,2306
370855,2150
370855,3830
370855,1457
370855,1392
370856,1689
370856,286
370858,2420
1003298,2420
370858,496
371041,496
1003298,496
370858,2362
1003298,2362
370858,1316
1003298,1316
370858,1342
1003298,1342
370858,1756
1003298,1756
370861,1814
370991,1814
371145,1814
370861,253
370861,2012
370863,3105
370874,3105
370863,1267
370874,1267
1003274,1267
370863,2920
370863,1563
370864,3194
370864,2489
370864,1702
370868,973
370868,3526
370871,71
370871,2062
370872,1712
370872,1796
370872,1788
370873,2865
370887,2865
370889,2865
1003261,2865
1003287,2865
1003312,2865
370873,1609
1003287,1609
370873,1543
370887,1543
1003261,1543
1003287,1543
1003312,1543
370874,3542
371084,3542
370876,1086
370970,1086
371312,1086
370876,3636
370876,3599
370878,53
1003260,53
370882,370
370883,1583
1003276,1583
370884,3313
1224916,3313
370884,2683
1224916,2683
370885,2127
370885,2098
370886,320
370886,2220
1233726,2220
370886,3775
370886,3058
370888,1007
1003284,1007
370888,2969
371050,2969
1003284,2969
1246224,2969
370889,1747
1003312,1747
370892,3319
370892,1557
370893,339
1003295,339
1224918,339
1293087,339
370893,1071
370893,294
1003295,294
1224918,294
1293087,294
370893,2999
1003295,2999
1293087,2999
370894,3700
370897,454
370898,568
1003263,568
370901,2987
1534501,2987
370901,1336
370901,1251
370904,3359
370904,2369
370904,478
370906,3820
371264,3820
370906,285
370908,2934
370908,3072
370909,1478
371106,1478
370909,2389
371106,2389
370910,1642
1246199,1642
370910,2701
1246199,2701
370910,636
370912,636
370910,1925
370912,1925
370910,3497
370912,3497
1246199,3497
370912,3012
370912,2379
370912,58
370913,3495
370963,3495
371112,3495
371289,3495
1224922,3495
1534479,3495
1534483,3495
370913,1889
370963,1889
370913,1735
370914,613
1246173,613
370914,2286
370914,3180
370980,3180
370914,659
370914,1667
370980,1667
1534452,1667
370915,3120
370915,2809
370915,392
370915,2468
370916,3551
370916,3717
370917,152
370917,606
370918,1853
370919,488
370920,3463
370947,3463
370920,22
370947,22
371217,22
370921,106
370923,106
370922,578
370922,2875
371167,2875
370924,858
1534511,858
370924,3810
370924,2136
370924,541
370925,1192
370925,959
370926,1898
370928,1281
370928,2808
370928,1406
370928,3750
370928,1462
370928,850
370931,996
370931,3139
370931,3258
370933,1183
370933,293
370933,2631
370933,158
370933,1045
370934,1965
370934,3342
1233708,3342
1293110,3342
1509084,3342
1619095,3342
370934,2575
1233708,2575
1246233,2575
1509084,2575
370935,2426
370935,3123
370935,2788
370936,3177
1003308,3177
1509089,3177
370936,1992
1003308,1992
370937,1508
370938,693
370938,2221
370940,1548
370941,2675
370941,2252
370941,2543
370941,3611
370942,3568
370942,2210
370943,3059
370943,1810
370945,3372
370945,3116
370945,2900
370946,1467
1246244,1467
1534495,1467
1619111,1467
370947,139
370947,2537
370948,3218
370948,2113
370948,1722
370952,2027
371043,2027
371196,2027
371330,2027
370953,2477
370954,1512
370954,3748
370954,2057
370954,2879
370954,3051
370955,534
370956,1335
370956,1919
370956,637
1233770,637
370957,2703
371303,2703
1003296,2703
370957,1339
370958,3514
370958,1057
370960,1182
371282,1182
370961,2368
370962,2672
371245,2672
1246270,2672
370962,2800
370962,35
370963,2352
370965,1998
370965,559
370965,3758
1509130,3758
370965,3049
370965,209
370965,1697
370965,2381
370965,1187
370966,3013
370966,1389
370966,871
370967,3284
370967,3878
371183,3878
370968,3244
370970,743
370972,2042
370974,405
370974,600
370975,673
370975,2903
370975,1286
370977,2497
370977,3241
370978,1795
370979,3073
370980,1631
1534452,1631
370980,676
370982,1693
370982,1799
370982,442
370983,2407
1003290,2407
370983,1485
1003290,1485
370983,509
1003290,509
370983,1629
370984,1081
1246187,1081
1293085,1081
370984,3595
1246187,3595
1293085,3595
1534498,3595
1534551,3595
370984,2243
371116,2243
1293085,2243
370984,325
1246187,325
1293085,325
1534551,325
370985,2483
370985,470
370986,3203
370986,17
370986,3499
370986,3833
370986,3100
370987,2952
371266,2952
371290,2952
370987,3098
370987,882
371290,882
370987,2161
371266,2161
371290,2161
370988,2200
1293090,2200
370988,3344
370989,1905
371100,1905
371315,1905
1246228,1905
1619091,1905
370990,627
370991,2503
370991,1918
370993,991
370993,1120
370993,1174
370993,3663
370995,489
370995,2226
370996,1884
370996,2119
370996,2641
370996,2662
370997,2273
370998,1942
371000,2463
1534453,2463
371000,2005
1534453,2005
371001,3713
371001,1597
371001,140
371002,2372
371002,3571
371006,3571
371014,3571
371043,3571
371095,3571
371002,308
371014,308
371003,3443
371003,1901
371004,3558
371004,846
371132,846
1246183,846
1534522,846
1534525,846
371005,172
371005,671
371005,1229
371006,1912
371014,1912
371006,161
371014,161
371006,459
371007,2995
371007,3445
371007,1199
371007,2294
371008,610
371008,418
371008,334
371008,1709
371010,2275
1293084,2275
1534516,2275
371010,1849
1293084,1849
1509138,1849
371010,1190
1293084,1190
1534516,1190
371010,2255
1293084,2255
371012,1705
371012,186
371012,2787
371013,3546
371013,1439
371053,1439
371054,1439
1246232,1439
371013,3632
371013,69
371014,2558
1509094,2558
371015,1088
1246181,1088
1534497,1088
371015,1231
371140,1231
371015,2022
371140,2022
371015,3784
1246181,3784
371015,768
371016,1024
371016,1268
371016,2033
371016,2748
371018,61
371018,1419
371018,1598
371019,1197
371020,2198
371022,3724
371022,2632
371023,938
1293105,938
371023,3107
371024,2484
371024,1431
371024,467
371024,2106
371025,182
371026,3160
371026,45
371026,3235
371026,1298
371027,2674
371028,159
371028,2162
1246181,2162
371029,1131
371029,3756
1233732,3756
1509093,3756
371030,3133
371030,3268
371031,361
371031,1647
371031,3587
371031,3704
371031,2676
371032,343
1003292,343
371033,664
371268,664
1003282,664
1246211,664
1509066,664
1619091,664
371035,1411
371036,856
371037,2480
371038,2907
371038,2944
371038,382
371038,544
371038,626
371038,986
371038,1098
371039,2851
371041,3028
371041,3023
371041,1249
371041,443
371041,1904
371041,384
1509074,384
371041,729
371042,2777
371042,1357
371045,1782
1224914,1782
371045,2108
1224914,2108
371045,1595
1003317,1595
1224914,1595
1246256,1595
371046,691
1619109,691
371047,3322
1509086,3322
371048,55
371048,2894
371049,290
371049,449
371049,1564
371050,1792
371198,1792
371051,656
371051,1724
371052,703
371242,703
1003286,703
371052,2295
1003286,2295
371052,1846
1003286,1846
371054,2089
371056,1412
371247,1412
371057,1690
371057,92
371057,3173
371057,726
371057,1113
371057,2335
371059,3620
371059,3549
371060,2984
371250,2984
371060,760
371250,760
371060,3297
371250,3297
371061,1050
371063,2792
371063,1106
371064,67
371065,1109
371065,3655
371068,3452
371162,3452
1246265,3452
371068,877
371069,3156
371069,2994
371069,1427
371070,2980
371070,903
371072,2163
371072,3318
371072,269
371073,3811
1246224,3811
1534468,3811
371073,1369
371073,549
371073,739
371073,2305
371227,2305
371303,2305
371073,1613
371073,787
371074,3869
371074,360
371075,571
371147,571
371075,838
371102,838
371115,838
1233742,838
1246198,838
371075,124
371147,124
371075,461
371076,398
1534494,398
371076,2930
1534494,2930
371076,896
371076,3792
1534494,3792
371076,2600
1534494,2600
371076,2050
371078,649
1534452,649
371078,2135
371079,3151
371343,3151
1246189,3151
1246256,3151
371079,785
371079,3197
371080,120
371081,221
1224915,221
371081,2382
1224915,2382
1246161,2382
371083,2121
371083,2328
371083,3819
371083,3178
371085,3388
371086,3865
371086,3069
371086,801
371086,2366
371086,2143
371087,3248
371211,3248
371298,3248
1246216,3248
1534488,3248
371087,2862
371087,3081
371088,1482
371091,1343
371091,844
371091,2312
371092,920
371318,920
371092,2351
371318,2351
371093,3588
371093,706
371097,1521
1293113,1521
371099,1170
371101,3190
371101,1559
371102,2248
371103,3496
371103,1715
371103,1009
371103,3505
371103,1615
371107,3154
371107,1545
371107,1780
371107,3381
371107,33
371108,2473
371108,1472
371109,3628
371109,3639
1246169,3639
1509087,3639
371109,3213
371109,3610
371109,1620
371109,318
371110,2100
371110,1348
371110,633
371111,2947
1233702,2947
371111,3402
371125,3402
1233702,3402
1246249,3402
371111,2058
371112,1663
1224922,1663
371113,3646
371113,1626
371114,2093
371114,2909
1246170,2909
1509078,2909
1509091,2909
371114,1150
371116,2690
371117,1987
371117,3578
371118,1468
371118,2554
371119,2955
371119,3727
371119,3875
371120,2758
1246156,2758
1534478,2758
371120,2732
371121,1337
371121,3330
371121,3540
371121,1672
371121,3734
371121,1606
371121,3619
371125,1285
1246249,1285
371127,3787
371127,3848
371127,3215
371127,647
371128,2072
371128,341
371129,264
371129,2388
1246185,2388
1509072,2388
1534507,2388
371129,3349
1509072,3349
371129,25
1246185,25
371130,3484
371166,3484
1246238,3484
371131,977
371132,945
1246183,945
1534522,945
1534525,945
371135,1065
1534545,1065
371135,1479
1534545,1479
371135,3626
371135,2841
371135,3827
371135,2099
371135,1351
371136,1053
371136,1850
371136,594
371136,1670
371136,3167
371137,56
1246283,56
371138,397
1293126,397
371138,198
371139,423
371139,3777
371140,976
371142,561
1534481,561
371142,1566
371142,1470
1534481,1470
1534521,1470
371142,529
371142,3584
1293123,3584
371142,1860
1293123,1860
371142,1066
371144,129
1246171,129
371144,3184
1246171,3184
371145,3079
371147,1341
371149,1556
371149,2404
371149,1952
371149,1949
371150,1605
1246204,1605
371150,924
1246204,924
371150,3239
1246204,3239
371151,2216
371151,1319
371152,3212
371152,1665
371152,962
371153,2267
371155,2442
371155,2895
371155,778
371155,3556
371157,1002
371157,1393
371157,2488
371157,2257
371158,2280
371158,203
371159,2045
371160,3881
371332,3881
1246208,3881
1246217,3881
1509085,3881
371160,3252
1246245,3252
371160,721
371162,2719
1246265,2719
371164,1723
371164,134
371165,3896
371166,502
371167,1030
371167,507
371168,1067
371168,1458
371170,3535
371170,3796
371173,2329
371173,3560
371173,698
371174,2446
371175,1892
371176,2924
371176,1469
371176,2401
1246176,2401
1246273,2401
1509068,2401
1534546,2401
371176,1876
371178,3669
371178,3598
371179,2367
371180,271
371249,271
371180,1659
371249,1659
371181,2056
371181,65
371182,3763
371182,2725
371185,222
371185,3554
371185,1610
371186,3045
371186,2358
371186,2799
371186,511
371186,3711
371187,3563
371233,3563
1619096,3563
371187,2837
371233,2837
1619096,2837
371187,2617
371187,330
371233,330
1619096,330
371188,2982
371188,859
371246,859
1224919,859
1246227,859
371189,2840
371189,3143
371191,1960
371191,3080
371191,2506
371191,2487
371193,1894
1246222,1894
371193,3379
371194,60
371194,1859
371195,820
371195,2825
371196,3169
371330,3169
371198,2968
371198,2013
371199,144
371199,3000
371199,2265
371200,171
371200,1077
371201,3536
371201,492
371201,624
371201,792
371202,3068
371203,2083
371203,898
371203,2518
371204,1964
1003299,1964
1246149,1964
371204,2235
371204,2020
1003299,2020
1246149,2020
371206,3362
1233733,3362
371206,731
1233733,731
371207,2500
371207,1132
371207,2869
371207,3553
371208,3092
371208,2261
371209,3385
371209,3864
371209,212
371210,1208
371275,1208
1246212,1208
1534489,1208
371210,2664
371211,3162
371286,3162
1246164,3162
371212,2251
371212,3015
371212,3585
371212,2075
371213,2453
371214,3623
371215,497
1534475,497
371215,1039
371215,114
371215,2540
371216,2910
371216,3130
371216,143
371217,1061
1246194,1061
1293104,1061
371218,1798
371277,1798
371218,2052
371257,2052
371277,2052
1619092,2052
371219,2102
371219,3797
1509085,3797
371220,655
1246274,655
371222,3884
371222,101
371222,1484
1246287,1484
371224,1257
371224,762
371225,2535
371225,1477
371225,200
371226,3902
1509124,3902
371226,486
371228,3654
371228,1021
371229,3695
371230,1679
371230,2122
371230,2966
1534505,2966
371231,1983
1246218,1983
371232,3010
371232,2893
371313,2893
371234,1870
371234,1265
371236,2824
1619090,2824
371236,3164
1619090,3164
371236,1766
1619090,1766
371237,538
371237,150
371237,2580
371237,273
371237,1188
371237,3531
371238,3334
371238,1157
371238,281
371239,601
371240,3246
1233730,3246
1509134,3246
1509149,3246
1534531,3246
371241,1244
371245,3046
371246,94
371249,3843
371251,1878
1246180,1878
371251,1217
1246180,1217
371251,3883
371252,811
1509115,811
371252,2992
371252,2552
371254,383
371255,825
371255,2386
1246201,2386
371257,1829
1619092,1829
371259,2708
371260,2595
371260,2030
371260,85
371296,85
1246167,85
371261,1573
371261,714
371261,1555
371262,1058
371262,799
371262,2491
371262,1387
371264,2939
371265,2206
1224916,2206
1534455,2206
371267,727
371267,2615
371267,2635
1233753,2635
371267,2217
1233753,2217
371269,761
1534527,761
371269,2949
371320,2949
1003324,2949
371269,584
371269,1561
1509063,1561
371270,3221
371271,3897
371271,3559
1233764,3559
371271,393
371272,494
371273,1740
1246158,1740
1534502,1740
371273,1070
1246158,1070
1534502,1070
371273,1133
1246158,1133
1534502,1133
371274,2046
371274,28
371275,13
1246212,13
371276,1948
371276,1994
371276,3288
371276,3661
371277,2318
1619092,2318
371278,545
371278,3275
371278,2406
371278,1776
371278,2332
371279,2740
371279,1291
371279,2341
371280,1055
371280,1441
371280,585
371281,1874
371281,2246
371282,1241
371283,3382
371283,1226
371285,3336
371285,3115
371286,513
371289,1130
1509072,1130
371290,3853
371291,2546
1246155,2546
371291,3580
371291,1910
371293,1600
371293,1826
371294,1839
371294,2268
371295,3207
371295,3001
371298,3644
371298,1143
371298,1450
371299,371
371299,710
371299,2883
371299,1534
371299,2085
371300,1001
371304,1977
371304,237
371305,2223
1246169,2223
1509087,2223
371305,2737
371305,711
371305,3304
371308,3400
1246254,3400
1246278,3400
371308,2759
1233738,2759
1246254,2759
1246278,2759
1534536,2759
371308,3829
1233738,3829
1246254,3829
371308,2350
1233738,2350
1246278,2350
1534536,2350
371308,2343
371309,720
371312,41
371313,1875
371314,337
1246260,337
1534504,337
371314,1195
371314,2834
1246260,2834
371315,2525
1246214,2525
371316,359
1293120,359
1534461,359
371316,2408
1293120,2408
1534461,2408
371317,298
1233731,298
371317,1044
371317,3572
1003270,3572
1233731,3572
371317,456
371319,3085
371319,3449
371320,2645
371321,2344
1233712,2344
1509097,2344
371321,2648
1233712,2648
1534528,2648
371321,1706
371322,3217
371322,910
371336,910
371323,15
371323,1110
371323,3168
371324,3793
371325,1445
371325,389
371325,2975
371325,469
371325,1324
371325,3664
371326,3466
371326,1266
371326,2653
1534544,2653
371327,775
371327,344
1233721,344
371328,580
371328,180
1509099,180
371329,998
371331,1418
371333,789
371333,1940
371333,3672
371334,2176
371335,1633
1509122,1633
1534512,1633
1619111,1633
371336,1783
371336,1309
1233738,1309
1246251,1309
1534536,1309
371338,3770
1534513,3770
371338,2436
1534513,2436
371338,3845
1534513,3845
371338,1703
1534513,1703
371339,455
371340,1877
371340,530
371340,1423
371341,2811
371341,3513
371341,3278
371341,630
371341,3634
371341,1261
371342,1016
371343,2626
1246189,2626
1246256,2626
371343,426
371343,3282
371343,1525
371343,537
1246189,537
1246256,537
1003240,1177
1003240,2670
1003242,2231
1003242,136
1003242,3856
1003242,779
1003242,3886
1003243,936
1003243,884
1003243,2090
1003243,1501
1003245,3817
1003245,2445
1003245,378
1003245,2960
1003249,2197
1003249,3607
1003250,2817
1233751,2817
1003250,113
1003250,555
1003252,220
1003253,803
1003253,519
1003253,1899
1003255,961
1003256,879
1003258,880
1003258,250
1003258,2898
1003259,1259
1003259,1015
1003259,3789
1003259,3503
1003259,2650
1003264,1051
1003264,1370
1246156,1370
1509108,1370
1003265,2498
1003265,745
1003265,755
1003267,2130
1003270,834
1003273,3406
1003274,1815
1003278,1277
1003278,2830
1003278,1840
1003280,2290
1003280,2320
1003280,258
1003281,1592
1003281,3165
1003281,861
1003327,861
1003281,283
1003281,3166
1003283,3751
1003289,3517
1293101,3517
1003289,3062
1003299,2536
1003299,777
1003300,3493
1003301,282
1003301,103
1003302,3243
1003302,1888
1003302,539
1003303,2770
1003303,508
1003303,2101
1003304,2716
1003304,3680
1003305,3731
1003306,1537
1003306,2044
1003306,1225
1003307,407
1003309,1995
1003310,466
1293121,466
1003310,1699
1003311,1721
1003313,1959
1003313,3590
1003313,2567
1003314,944
1003315,245
1003317,2599
1003317,484
1003317,304
1003321,2767
1003321,763
1003321,3468
1003321,2923
1003321,1917
1003323,1255
1003323,1020
1003324,499
1003327,108
1003327,1365
1003327,2513
1224911,2443
1224919,3467
1224919,960
1246227,960
1224921,247
1224921,1753
1224921,447
1224921,3192
1224922,881
1224922,476
1224923,1185
1233703,2416
1233703,3745
1233703,2316
1233704,3091
1233704,1618
1233704,2228
1233705,2516
1233706,1168
1233706,2884
1233706,890
1233707,1200
1246169,1200
1509087,1200
1233708,533
1619095,533
1233709,1577
1233709,2996
1233715,2996
1233744,2996
1233761,2996
1246215,2996
1509101,2996
1534530,2996
1233710,3806
1233710,1551
1233711,2081
1233712,415
1509097,415
1233712,2192
1509097,2192
1233713,2297
1233713,1209
1509077,1209
1509110,1209
1233714,2847
1509087,2847
1233714,2914
1509139,2914
1233714,1271
1233714,422
1233714,1278
1233715,1513
1246215,1513
1509101,1513
1534530,1513
1233718,3534
1509153,3534
1233718,3808
1233719,3699
1509077,3699
1509110,3699
1233719,1897
1233719,1005
1509077,1005
1509110,1005
1233720,3550
1233720,917
1233720,1602
1233721,2896
1233721,1999
1534469,1999
1233722,1253
1233722,3317
1233722,802
1233723,1984
1233723,3791
1233725,1405
1246154,1405
1246202,1405
1233725,2870
1233727,1624
1233727,851
1233746,851
1233728,2946
1233728,387
1233728,104
1233728,2656
1233730,1300
1509149,1300
1233731,1149
1233732,565
1509093,565
1233732,3325
1509093,3325
1233734,797
1233734,2469
1233734,2448
1233735,681
1233735,3150
1233735,3523
1233736,902
1509100,902
1233736,3306
1509100,3306
1233736,885
1509100,885
1233736,2190
1509100,2190
1233737,241
1233738,1000
1233739,3703
1233740,1867
1233740,263
1233741,3086
1233741,1997
1233742,2124
1233743,629
1233743,1650
1233744,1476
1246215,1476
1233746,303
1233746,2466
1233746,3102
1233746,2413
1509139,2413
1233746,1880
1233746,574
1233747,3257
1233747,2570
1233747,369
1233748,1385
1233748,1118
1233748,790
1233749,503
1233749,3866
1233749,1603
1233751,1725
1233751,2152
1293124,2152
1233752,204
1233752,1658
1233753,2574
1233753,3650
1233753,2702
1233753,3383
1233753,738
1233753,954
1233754,2145
1293122,2145
1233755,848
1534486,848
1233756,2590
1509121,2590
1233756,2831
1233756,3586
1233756,3249
1233756,464
1233756,362
1233757,1292
1233758,1206
1509128,1206
1233758,2591
1233758,718
1233759,34
1233759,989
1233759,3822
1233759,319
1233760,3308
1233760,2077
1233761,1908
1233761,3157
1233762,3427
1233763,444
1233763,207
1233763,2165
1233763,684
1233764,190
1233764,3674
1233765,391
1233765,2846
1509118,2846
1534517,2846
1233766,860
1233766,3904
1233766,2502
1233767,3682
1233767,2433
1233767,2618
1233767,1306
1233767,2244
1233767,2348
1233768,3094
1534535,3094
1233768,1535
1233769,1771
1233769,3533
1233769,1936
1233769,267
1233769,2330
1233769,170
1233769,115
1233769,345
1233770,363
1233770,2254
1233771,3233
1233771,374
1233771,840
1233772,3436
1509064,3436
1233772,1284
1509064,1284
1534529,1284
1233773,3474
1233774,1976
1233775,2455
1509081,2455
1233775,814
1509081,814
1233777,1858
1233777,3874
1246145,1698
1246145,2449
1246145,316
1246145,3842
1246146,2123
1246146,849
1246147,2515
1246147,93
1246148,2848
1246148,1696
1246148,2794
1246148,2361
1246149,3824
1246150,619
1246150,2074
1246150,3327
1246151,909
1246151,3442
1246151,2749
1246151,1614
1246152,2204
1246261,2204
1246152,2434
1246261,2434
1246153,1372
1246153,352
1246154,301
1246195,301
1246202,301
1246157,2937
1246157,336
1246160,888
1246160,1308
1246161,2671
1246161,3521
1246161,1985
1246161,1902
1246161,1018
1246161,3294
1293110,3294
1619093,3294
1246162,3602
1246163,822
1246163,1656
1246163,439
1246164,546
1246164,195
1509133,195
1246164,1437
1509133,1437
1246164,1409
1246165,670
1246165,3754
1246166,3057
1246168,386
1246168,3351
1246168,1971
1246169,3689
1509087,3689
1246169,2634
1246169,1074
1246170,4
1246172,1980
1246173,2766
1246173,3508
1246175,199
1246175,3211
1246175,3224
1246176,3859
1246273,3859
1534546,3859
1246176,2474
1246273,2474
1246176,1632
1246273,1632
1534546,1632
1246177,1636
1246178,652
1246178,2156
1246180,1367
1246182,2134
1534465,2134
1534473,2134
1619097,2134
1619107,2134
1246182,3740
1534465,3740
1534495,3740
1246183,1695
1246183,1008
1246184,3488
1246184,3569
1246184,2412
1246248,2412
1246185,2266
1246185,2644
1246188,3135
1246188,132
1246188,2931
1246189,1956
1246256,1956
1246189,2212
1246190,107
1246190,906
1246190,1729
1246190,2310
1246190,3309
1246190,3624
1246191,639
1246191,2278
1246191,937
1246191,1872
1246195,162
1509135,162
1246195,3361
1246197,517
1246197,2359
1246197,3722
1246197,479
1246197,907
1246198,2048
1509109,2048
1246198,3767
1246199,2607
1246199,1079
1246199,1069
1246199,3053
1246201,1838
1246201,2276
1246201,1599
1246202,27
1246202,2429
1246202,2485
1246203,1797
1246204,3683
1246205,2760
1246240,2760
1619105,2760
1246205,388
1246240,388
1619105,388
1246205,1379
1246240,1379
1619105,1379
1246205,2094
1619105,2094
1246205,434
1246205,813
1246205,1346
1246240,1346
1619105,1346
1246206,2844
1246206,963
1246206,2928
1246207,1184
1246207,3286
1246207,2417
1246209,3901
1246210,1834
1246246,1834
1246211,244
1246211,985
1246215,2666
1246215,1593
1534530,1593
1246216,2211
1246217,1017
1246217,3471
1246219,3760
1246220,1674
1246220,2829
1246220,2852
1246221,3477
1246221,487
1246222,3281
1246223,2256
1246224,2456
1246224,2208
1246225,994
1246225,1580
1246225,2079
1246226,2901
1246226,2693
1246226,1958
1246227,1483
1246230,786
1246230,474
1246230,3077
1246232,1395
1246233,3532
1509084,3532
1534543,3532
1246233,3075
1509084,3075
1534543,3075
1246233,2783
1509084,2783
1534543,2783
1246233,1075
1246234,2564
1246234,1760
1246234,3016
1246235,1743
1534547,1743
1246235,1933
1534547,1933
1246235,309
1246235,2117
1534547,2117
1246235,1293
1534547,1293
1246236,2133
1246236,1310
1246236,2553
1246236,185
1246236,3006
1246236,3172
1246236,2988
1246236,2581
1246237,815
1246237,2447
1246239,3780
1246239,1424
1246239,83
1246239,3545
1246239,1052
1246240,2642
1246241,1103
1246241,1059
1246241,1569
1246242,2579
1246243,380
1246243,2661
1246243,3673
1246244,2087
1246245,2936
1246245,2926
1246247,1498
1246247,3702
1246249,1425
1246250,1619
1246250,1160
1246251,3482
1509107,3482
1246253,756
1246253,3737
1246254,3266
1246254,3124
1246255,2392
1293096,2392
1246255,402
1246256,477
1246256,1353
1246257,3691
1246258,2743
1246258,438
1246259,1438
1246259,3622
1246260,235
1534504,235
1246260,3132
1246260,2496
1246261,84
1246261,3335
1246261,1576
1246261,3803
1246261,2989
1246261,1105
1246262,1622
1246262,3765
1246263,1666
1246263,535
1246263,2149
1246264,3641
1246266,1250
1246266,2432
1246267,974
1246267,3101
1246268,3885
1246268,3612
1246268,3541
1246269,1299
1246269,793
1246273,355
1509068,355
1534546,355
1246275,650
1246275,1515
1246275,865
1509105,865
1246275,2945
1534497,2945
1246276,2450
1246276,1921
1246276,2981
1246276,404
1246277,1807
1246277,3539
1246279,2652
1246279,2588
1246280,1313
1246280,72
1246280,737
1246280,2461
1246281,504
1246284,197
1534477,197
1246285,965
1246285,2264
1246286,3394
1246286,615
1246287,2739
1246287,1414
1293088,1805
1293091,2902
1293091,1128
1293094,2780
1293094,3627
1293094,166
1293098,1087
1509066,1087
1293098,616
1293098,1173
1293101,3870
1293103,3507
1619106,3507
1293105,1848
1293106,2524
1293106,3056
1293106,1924
1293106,2818
1293106,230
1293106,3141
1293106,3726
1293107,1060
1293107,2941
1293107,1836
1293108,1574
1293108,3237
1293108,3299
1293108,3355
1293110,1435
1293117,1435
1534523,1435
1293110,2613
1619093,2613
1293111,1332
1293111,1025
1293111,2542
1293112,678
1343608,678
1293112,1571
1343608,1571
1293114,396
1293114,2000
1293117,255
1293117,2977
1293117,3329
1293118,3500
1293119,660
1293119,2028
1293119,3014
1293119,2245
1293121,1171
1293121,927
1293121,808
1293121,2882
1293121,2300
1293123,1969
1293123,3137
1293123,142
1293123,866
1293123,2430
1293124,819
1293125,3439
1293125,3328
1293126,1935
1343602,1376
1343602,401
1343603,1003
1343603,117
1343603,2545
1343603,3688
1343603,1890
1343604,1533
1343605,3253
1343605,2333
1343605,980
1343606,2471
1343606,780
1343606,3783
1509064,2031
1509065,839
1509065,3510
1509066,284
1509067,1764
1509067,3608
1509067,748
1509071,3277
1509071,1981
1509071,941
1509072,3018
1509073,1979
1509073,2061
1509111,2061
1509073,1
1509073,46
1509111,46
1509074,446
1509075,2933
1509075,3185
1509153,3185
1509075,2583
1509076,1582
1509076,1489
1509076,3230
1509077,2511
1509110,2511
1509077,3126
1509079,43
1509081,0
1534520,0
1509081,409
1509083,817
1509083,1048
1509083,367
1509085,886
1509087,588
1509088,964
1509088,3772
1509089,867
1509089,757
1509090,3694
1509090,1401
1509090,358
1509092,1789
1509092,1871
1509092,3455
1509092,1831
1509094,2514
1509094,2415
1509095,3788
1509095,1033
1509095,2888
1509097,1449
1509098,395
1509130,395
1509098,771
1509130,771
1534464,771
1509098,715
1509098,498
1509099,3478
1509102,2277
1509103,3898
1509103,913
1509103,3907
1509103,728
1509104,3894
1509104,645
1509104,3450
1509105,3293
1509106,1136
1509107,2299
1534463,2299
1509107,3236
1509108,3815
1534448,3815
1509109,2530
1509109,1821
1509110,1522
1509110,3054
1509110,2010
1509110,2962
1509111,1554
1509111,321
1509113,2304
1509113,3582
1509113,3892
1509113,2271
1509114,3520
1509114,2199
1534474,2199
1509115,1073
1509115,1934
1509116,2597
1534514,2597
1509116,2331
1534514,2331
1509117,2522
1509117,1883
1509119,2932
1509119,457
1509119,3744
1509120,485
1509121,2385
1509121,2723
1509122,2495
1534512,2495
1509123,621
1509126,1758
1509126,620
1509126,3163
1509126,1404
1509127,1448
1509127,3839
1509128,2539
1509128,2185
1509128,3418
1509129,550
1509129,3564
1509130,2155
1509130,553
1509132,612
1509132,2353
1509133,3652
1509135,2183
1509135,3364
1509135,1765
1509135,2191
1509135,1719
1509135,3665
1509136,3530
1509137,2370
1509137,14
1509138,480
1509138,3037
1509139,1734
1509139,966
1509139,116
1509140,683
1509140,1345
1509140,2283
1509140,3786
1509141,1572
1509141,1584
1509141,3423
1509142,411
1509143,2053
1509143,1029
1509143,1363
1509145,2993
1509145,3823
1509145,3196
1509145,506
1509145,2103
1509145,2242
1509146,2673
1509146,3629
1509146,3618
1509146,3773
1509147,1474
1509147,421
1509147,1869
1509147,1068
1509147,79
1509147,3472
1509148,2321
1509148,2105
1509150,1817
1509150,1881
1509151,3690
1509151,1731
1509151,2224
1509152,1461
1509152,1465
1509152,2166
1509152,2679
1509152,3846
1509152,3631
1509153,3200
1509153,995
1534448,1318
1534449,1578
1534449,1803
1534470,1803
1534450,3025
1534450,3504
1534450,1502
1534450,3490
1534450,1716
1534451,31
1534451,1194
1534452,2589
1534454,3668
1534455,1893
1534455,279
1534456,3374
1534456,2116
1534456,3720
1534459,89
1619109,89
1534460,3368
1534460,1127
1534460,2139
1534460,2544
1534461,724
1534461,3696
1534461,3761
1534462,3161
1534462,3662
1534462,833
1534463,1314
1534463,887
1534464,573
1534466,734
1534467,1046
1534467,1549
1534468,1096
1534468,3867
1534470,3238
1534470,899
1534472,3441
1534472,1491
1534472,1362
1534472,3432
1534475,3675
1534476,1307
1534476,3176
1534476,3216
1534478,2097
1534478,3567
1534478,2657
1534478,3804
1534478,2411
1534479,147
1534479,1094
1534479,2282
1534480,971
1534480,1452
1534480,2746
1534480,2279
1534481,2609
1534481,2762
1534482,2393
1534482,2041
1534482,3219
1534483,1604
1534483,644
1534485,3227
1534485,340
1534487,688
1534488,2175
1534488,3186
1534488,1232
1534488,2551
1534489,3891
1534489,1022
1534490,707
1534491,2459
1534491,3656
1534491,515
1534492,1256
1534492,2465
1534492,2823
1534549,2823
1534492,1101
1534549,1101
1534492,1847
1534492,2816
1534493,3089
1534493,843
1534493,3396
1534494,482
1534494,558
1534495,732
1534496,3099
1534496,1540
1534498,2956
1534499,3356
1534499,3179
1534499,2916
1534500,1754
1534501,895
1534501,1486
1534501,3574
1534501,3392
1534503,2032
1534504,1305
1534504,3457
1534504,908
1534505,2660
1534505,3841
1534505,2929
1534506,306
1534506,1857
1534506,2460
1534506,599
1534507,1621
1534507,3159
1534508,2263
1619111,2263
1534509,3862
1534510,248
1534510,1504
1534510,3175
1534510,3181
1534510,238
1534511,1426
1534511,3027
1534515,2835
1534549,2835
1534515,2775
1534515,3350
1534515,1161
1534516,3377
1534519,12
1534520,2454
1534520,2967
1534520,679
1534520,3305
1534521,1108
1534522,1627
1534525,1627
1534523,145
1534523,3283
1534524,1303
1534549,1303
1534524,3736
1534526,1818
1534526,3613
1534526,2753
1534527,2308
1534527,2249
1534528,2803
1534528,3022
1534529,1328
1534531,1368
1534532,1420
1534533,2925
1534534,754
1534535,1355
1534535,2625
1534536,1541
1534538,3397
1534538,3522
1534539,596
1534540,2646
1534540,687
1534541,1680
1534541,1041
1534541,3104
1534541,232
1534542,2439
1534542,3606
1534544,223
1534544,3113
1534546,2073
1534549,225
1534549,2718
1534549,1769
1534550,2298
1534550,3658
1534550,3039
1534551,3617
1534551,2138
1534551,1134
1619090,746
1619093,3360
1619093,3263
1619095,1931
1619106,1931
1619098,2229
1619098,3316
1619099,3857
1619099,2230
1619099,2414
1619100,2853
1619100,3562
1619100,3201
1619100,3415
1619100,2697
1619101,335
1619101,141
1619102,287
1619102,1013
1619102,3387
1619102,1914
1619104,3210
1619104,354
1619104,3753
1619104,1034
1619106,3202
1619110,1864
1619111,2288
1619111,2561
1619111,3434
